<?xml version="1.0" encoding="UTF-8"?>
<beans xmlns="http://www.springframework.org/schema/beans"
	xmlns:xsi="http://www.w3.org/2001/XMLSchema-instance"
	xmlns:context="http://www.springframework.org/schema/context"
	xmlns:p="http://www.springframework.org/schema/p"
	xsi:schemaLocation="http://www.springframework.org/schema/beans http://www.springframework.org/schema/beans/spring-beans.xsd
		http://www.springframework.org/schema/context http://www.springframework.org/schema/context/spring-context-4.2.xsd">


	<!-- lab begin -->
    <!-- <bean id="tv" class="polymorphism.SamsungTV">
		<constructor-arg index="0" ref="apple"></constructor-arg>
		<constructor-arg index="1" value="27000000"></constructor-arg>
	</bean> -->
<!-- 	<bean id="tv" class="polymorphism.SamsungTV" p:speaker-ref="apple" p:price="28000"/>
	
	<bean id="sony" class="polymorphism.SonySpeaker"></bean>
	<bean id="apple" class="polymorphism.AppleSpeaker"></bean> -->
	
	<context:component-scan base-package="polymorphism" />
	
	<!-- 
	<bean id="collectionBean" class="com.springbook.ioc.injection.CollectionBean">
		<property name="addressList">
			<list>
				<value>서울시 강남구 역상동</value>
				<value>서울시 성동구 행당동</value>
			</list>
		</property>
	</bean> -->
	
	<!-- lab end -->

</beans>


